Minutes5UTC,Minutes5DK,PriceArea,ProductionLt100MW,ProductionGe100MW,OffshoreWindPower,OnshoreWindPower,SolarPower,ExchangeGreatBelt,ExchangeGermany,ExchangeNetherlands,ExchangeGreatBritain,ExchangeNorway,ExchangeSweden,BornholmSE4
2026-09-14 11:50:00,2026-09-14 13:50:00,DK2,109.650002,200.289993,102.480003,98.989998,581.309998,-476.190002,854.950012,,,,292.869995,-16.77
2026-09-14 11:45:00,2026-09-14 13:45:00,DK2,110.709999,209.479996,103.019997,99.080002,590.0,-435.01001,902.580017,,,,237.779999,-5.21
2026-09-14 11:40:00,2026-09-14 13:40:00,DK2,111.269997,211.330002,109.959999,101.540001,577.76001,-402.869995,907.330017,,,,230.210007,-6.86
2026-09-14 11:35:00,2026-09-14 13:35:00,DK2,111.940002,205.690002,112.150002,105.080002,710.299988,-432.709991,903.75,,,,263.200012,-6.79
2026-09-14 11:30:00,2026-09-14 13:30:00,DK2,109.629997,207.440002,110.349998,94.32,673.380005,-405.410004,896.27002,,,,211.020004,-1.9
2026-09-14 11:25:00,2026-09-14 13:25:00,DK2,111.129997,193.179993,110.610001,94.830002,631.369995,-384.420013,887.929993,,,,225.460007,12.39
2026-09-14 11:20:00,2026-09-14 13:20:00,DK2,110.32,193.059998,113.209999,93.800003,656.98999,-416.230011,869.440002,,,,222.360001,15.78
2026-09-14 11:15:00,2026-09-14 13:15:00,DK2,108.400002,200.229996,127.470001,93.309998,662.559998,-471.070007,830.450012,,,,216.009995,0.98
2026-09-14 11:10:00,2026-09-14 13:10:00,DK2,108.139999,209.509995,127.360001,97.910004,667.340027,-466.570007,802.919983,,,,237.759995,13.25
2026-09-14 11:05:00,2026-09-14 13:05:00,DK2,109.230003,211.320007,134.919998,91.589996,672.98999,-467.089996,823.950012,,,,230.460007,11.64
2026-09-14 11:00:00,2026-09-14 13:00:00,DK2,108.309998,211.309998,138.940002,91.120003,629.650024,-458.48999,880.25,,,,240.759995,-0.77
2026-09-14 10:55:00,2026-09-14 12:55:00,DK2,111.610001,203.470001,140.690002,92.959999,681.219971,-453.850006,926.369995,,,,207.720001,14.38
2026-09-14 10:50:00,2026-09-14 12:50:00,DK2,109.769997,205.300003,141.619995,105.07,637.169983,-453.410004,930.340027,,,,223.0,-0.02
2026-09-14 10:45:00,2026-09-14 12:45:00,DK2,106.940002,207.300003,150.630005,98.720001,676.73999,-462.730011,922.849976,,,,275.779999,-0.98
2026-09-14 10:40:00,2026-09-14 12:40:00,DK2,107.019997,209.279999,171.050003,99.220001,776.349976,-477.869995,872.559998,,,,275.929993,15.06
2026-09-14 10:35:00,2026-09-14 12:35:00,DK2,107.669998,209.279999,166.550003,108.550003,774.390015,-469.089996,871.880005,,,,268.480011,17.309999
2026-09-14 10:30:00,2026-09-14 12:30:00,DK2,107.839996,198.190002,159.75,106.830002,757.890015,-470.720001,884.630005,,,,305.899994,1.35
2026-09-14 10:25:00,2026-09-14 12:25:00,DK2,107.190002,201.740005,151.369995,110.690002,772.070007,-441.880005,862.789978,,,,285.190002,1.39
2026-09-14 10:20:00,2026-09-14 12:20:00,DK2,108.0,205.5,132.580002,111.800003,727.340027,-425.619995,918.030029,,,,249.259995,1.93
2026-09-14 10:15:00,2026-09-14 12:15:00,DK2,109.400002,210.809998,119.93,101.480003,778.460022,-451.170013,853.429993,,,,322.059998,4.05
2026-09-14 10:10:00,2026-09-14 12:10:00,DK2,110.779999,210.720001,118.470001,95.309998,740.099976,-464.290009,805.97998,,,,436.820007,21.52
2026-09-14 10:05:00,2026-09-14 12:05:00,DK2,111.760002,203.179993,112.949997,98.489998,714.179993,-463.619995,805.340027,,,,416.290009,22.959999
2026-09-14 10:00:00,2026-09-14 12:00:00,DK2,111.669998,208.770004,114.730003,79.75,748.650024,-313.769989,776.039978,,,,284.549988,6.75
2026-09-14 09:55:00,2026-09-14 11:55:00,DK2,112.889999,216.169998,110.720001,82.5,721.880005,-147.199997,785.080017,,,,144.690002,5.76
2026-09-14 09:50:00,2026-09-14 11:50:00,DK2,112.169998,208.789993,108.830002,78.220001,728.450012,-147.25,780.929993,,,,149.580002,8.19
2026-09-14 09:45:00,2026-09-14 11:45:00,DK2,112.489998,193.679993,111.709999,72.110001,691.440002,-72.32,729.51001,,,,121.620003,7.27
2026-09-14 09:40:00,2026-09-14 11:40:00,DK2,113.0,187.990005,119.360001,68.410004,694.960022,0.0,618.179993,,,,178.589996,-8.33
2026-09-14 09:35:00,2026-09-14 11:35:00,DK2,113.080002,184.360001,126.989998,66.330002,614.869995,0.0,638.109985,,,,162.020004,-7.09
2026-09-14 09:30:00,2026-09-14 11:30:00,DK2,110.220001,193.949997,136.660004,63.0,621.940002,-126.110001,756.609985,,,,196.770004,10.85
2026-09-14 09:25:00,2026-09-14 11:25:00,DK2,109.510002,220.050003,142.75,59.25,654.890015,-207.729996,867.280029,,,,174.75,24.629999
2026-09-14 09:20:00,2026-09-14 11:20:00,DK2,108.129997,216.279999,141.899994,61.799999,624.890015,-205.0,872.030029,,,,167.589996,26.92
2026-09-14 09:15:00,2026-09-14 11:15:00,DK2,109.410004,214.449997,148.179993,58.869999,641.210022,-233.270004,834.97998,,,,276.470001,10.92
2026-09-14 09:10:00,2026-09-14 11:10:00,DK2,110.760002,207.039993,142.789993,61.740002,658.200012,-262.540009,808.890015,,,,356.279999,11.74
2026-09-14 09:05:00,2026-09-14 11:05:00,DK2,115.470001,197.789993,142.229996,65.809998,582.049988,-269.959991,797.559998,,,,375.079987,9.01
2026-09-14 09:00:00,2026-09-14 11:00:00,DK2,116.239998,177.009995,141.720001,60.169998,587.580017,0.0,764.419983,,,,162.559998,9.04
2026-09-14 08:55:00,2026-09-14 10:55:00,DK2,114.160004,162.179993,147.199997,59.169998,595.130005,248.089996,704.380005,,,,-14.17,8.74
2026-09-14 08:50:00,2026-09-14 10:50:00,DK2,114.379997,162.100006,149.820007,60.290001,572.940002,253.970001,703.820007,,,,-10.65,11.71
2026-09-14 08:45:00,2026-09-14 10:45:00,DK2,113.57,179.399994,148.130005,72.959999,572.119995,196.779999,709.77002,,,,45.830002,13.01
2026-09-14 08:40:00,2026-09-14 10:40:00,DK2,113.879997,201.240005,153.009995,75.120003,535.210022,133.0,694.150024,,,,101.610001,30.549999
2026-09-14 08:35:00,2026-09-14 10:35:00,DK2,114.0,199.5,147.539993,76.339996,558.320007,130.149994,707.25,,,,92.0,31.709999
2026-09-14 08:30:00,2026-09-14 10:30:00,DK2,112.620003,199.5,137.649994,74.860001,525.940002,114.059998,732.359985,,,,147.330002,17.139999
2026-09-14 08:25:00,2026-09-14 10:25:00,DK2,111.139999,212.229996,146.559998,76.940002,503.079987,101.139999,752.780029,,,,131.869995,35.669998
2026-09-14 08:20:00,2026-09-14 10:20:00,DK2,110.459999,205.630005,145.059998,75.120003,475.899994,101.139999,749.330017,,,,164.190002,36.490002
2026-09-14 08:15:00,2026-09-14 10:15:00,DK2,110.470001,198.160004,154.259995,73.940002,452.380005,128.639999,732.539978,,,,144.520004,22.34
2026-09-14 08:10:00,2026-09-14 10:10:00,DK2,108.529999,203.559998,171.449997,74.68,463.359985,142.600006,693.25,,,,118.989998,39.299999
2026-09-14 08:05:00,2026-09-14 10:05:00,DK2,108.660004,206.100006,172.369995,70.68,432.709991,153.179993,734.440002,,,,119.970001,39.189999
2026-09-14 08:00:00,2026-09-14 10:00:00,DK2,109.809998,214.080002,184.020004,74.970001,422.23999,109.360001,779.48999,,,,34.16,16.559999
2026-09-14 07:55:00,2026-09-14 09:55:00,DK2,111.440002,212.259995,181.160004,76.540001,406.369995,70.639999,831.0,,,,44.02,26.34
2026-09-14 07:50:00,2026-09-14 09:50:00,DK2,110.93,208.740005,182.889999,71.75,437.700012,70.300003,815.140015,,,,77.849998,22.48
2026-09-14 07:45:00,2026-09-14 09:45:00,DK2,113.139999,199.5,182.0,72.449997,396.390015,65.639999,744.960022,,,,133.919998,20.530001
2026-09-14 07:40:00,2026-09-14 09:40:00,DK2,113.779999,210.949997,172.210007,70.220001,342.890015,60.950001,702.039978,,,,237.130005,20.77
2026-09-14 07:35:00,2026-09-14 09:35:00,DK2,113.269997,198.149994,169.759995,73.989998,358.959991,60.950001,651.849976,,,,262.290009,21.110001
2026-09-14 07:30:00,2026-09-14 09:30:00,DK2,115.639999,199.929993,164.690002,73.050003,321.160004,60.950001,720.01001,,,,249.320007,29.42
2026-09-14 07:25:00,2026-09-14 09:25:00,DK2,117.550003,198.059998,154.759995,69.769997,328.369995,60.950001,744.969971,,,,225.970001,32.700001
2026-09-14 07:20:00,2026-09-14 09:20:00,DK2,119.75,201.710007,150.610001,75.330002,315.089996,60.950001,755.640015,,,,189.860001,29.59
2026-09-14 07:15:00,2026-09-14 09:15:00,DK2,130.320007,201.710007,143.070007,75.660004,246.580002,60.950001,847.419983,,,,122.650002,17.18
2026-09-14 07:10:00,2026-09-14 09:10:00,DK2,130.75,204.130005,145.0,72.739998,209.25,60.439999,852.390015,,,,112.660004,1.76
2026-09-14 07:05:00,2026-09-14 09:05:00,DK2,124.580002,213.600006,150.289993,74.160004,197.809998,61.549999,862.630005,,,,118.129997,3.95
2026-09-14 07:00:00,2026-09-14 09:00:00,DK2,129.539993,257.190002,147.919998,73.110001,205.070007,69.389999,912.039978,,,,70.419998,8.12
2026-09-14 06:55:00,2026-09-14 08:55:00,DK2,124.629997,255.059998,162.789993,75.019997,215.580002,77.790001,951.5,,,,0.83,9.59
2026-09-14 06:50:00,2026-09-14 08:50:00,DK2,124.730003,249.449997,160.940002,72.449997,231.649994,76.580002,954.549988,,,,-23.08,21.219999
2026-09-14 06:45:00,2026-09-14 08:45:00,DK2,127.32,250.860001,165.320007,75.279999,214.029999,69.120003,965.22998,,,,-17.25,21.25
2026-09-14 06:40:00,2026-09-14 08:40:00,DK2,129.259995,256.609985,172.559998,80.0,176.110001,60.310001,970.719971,,,,24.129999,37.52
2026-09-14 06:35:00,2026-09-14 08:35:00,DK2,129.419998,254.740005,153.479996,86.790001,177.479996,61.52,972.539978,,,,4.11,37.93
2026-09-14 06:30:00,2026-09-14 08:30:00,DK2,130.009995,258.290009,146.610001,92.370003,173.559998,86.589996,887.280029,,,,54.419998,20.33
2026-09-14 06:25:00,2026-09-14 08:25:00,DK2,128.919998,255.570007,142.669998,95.010002,142.490005,100.519997,864.880005,,,,43.91,5.28
2026-09-14 06:20:00,2026-09-14 08:20:00,DK2,127.699997,258.440002,147.229996,101.0,133.509995,106.029999,862.51001,,,,25.360001,4.94
2026-09-14 06:15:00,2026-09-14 08:15:00,DK2,132.089996,254.100006,143.110001,102.0,111.220001,84.309998,937.549988,,,,-3.65,21.49
2026-09-14 06:10:00,2026-09-14 08:10:00,DK2,132.149994,243.330002,143.880005,106.550003,93.730003,61.669998,934.77002,,,,-13.45,21.799999
2026-09-14 06:05:00,2026-09-14 08:05:00,DK2,126.639999,237.710007,146.229996,103.629997,87.690002,60.369999,912.659973,,,,24.66,10.75
2026-09-14 06:00:00,2026-09-14 08:00:00,DK2,126.82,246.410004,145.779999,102.120003,79.93,165.889999,774.849976,,,,45.349998,22.209999
2026-09-14 05:55:00,2026-09-14 07:55:00,DK2,130.960007,266.980011,141.050003,90.330002,67.669998,264.329987,676.190002,,,,-47.130001,5.97
2026-09-14 05:50:00,2026-09-14 07:50:00,DK2,131.369995,273.470001,140.309998,93.510002,64.309998,266.200012,643.119995,,,,-3.88,4.5
2026-09-14 05:45:00,2026-09-14 07:45:00,DK2,127.629997,268.119995,141.380005,97.919998,57.41,352.100006,518.900024,,,,16.52,22.17
2026-09-14 05:40:00,2026-09-14 07:40:00,DK2,123.68,268.790009,137.850006,99.440002,49.810001,452.890015,415.950012,,,,32.450001,7.37
2026-09-14 05:35:00,2026-09-14 07:35:00,DK2,120.75,272.23999,138.690002,101.959999,39.16,452.890015,439.920013,,,,10.69,23.030001
2026-09-14 05:30:00,2026-09-14 07:30:00,DK2,118.43,273.769989,143.610001,96.220001,33.25,408.040009,406.859985,,,,75.120003,22.92
2026-09-14 05:25:00,2026-09-14 07:25:00,DK2,115.75,272.019989,132.119995,85.839996,30.030001,364.279999,357.720001,,,,158.100006,22.690001
2026-09-14 05:20:00,2026-09-14 07:20:00,DK2,108.669998,249.410004,138.960007,87.269997,24.459999,364.429993,370.399994,,,,155.809998,21.9
2026-09-14 05:15:00,2026-09-14 07:15:00,DK2,107.540001,211.229996,143.169998,86.489998,16.969999,368.029999,350.309998,,,,234.429993,23.33
2026-09-14 05:10:00,2026-09-14 07:10:00,DK2,108.150002,211.199997,142.649994,99.089996,11.86,368.029999,317.269989,,,,238.399994,6.55
2026-09-14 05:05:00,2026-09-14 07:05:00,DK2,106.169998,211.139999,129.039993,93.089996,9.51,458.079987,176.470001,,,,276.01001,5.9
2026-09-14 05:00:00,2026-09-14 07:00:00,DK2,107.779999,208.800003,140.289993,88.660004,6.36,422.959991,276.230011,,,,221.259995,22.48
2026-09-14 04:55:00,2026-09-14 06:55:00,DK2,108.290001,200.779999,141.419998,91.279999,3.83,315.98999,406.690002,,,,201.580002,22.58
2026-09-14 04:50:00,2026-09-14 06:50:00,DK2,106.099998,204.610001,156.029999,89.139999,2.93,282.269989,424.519989,,,,195.649994,21.799999
2026-09-14 04:45:00,2026-09-14 06:45:00,DK2,102.800003,210.130005,150.649994,92.629997,0.12,181.839996,502.149994,,,,209.669998,21.450001
2026-09-14 04:40:00,2026-09-14 06:40:00,DK2,103.0,206.449997,151.649994,86.699997,3.6,80.0,588.090027,,,,195.380005,4.63
2026-09-14 04:35:00,2026-09-14 06:35:00,DK2,104.32,206.309998,148.029999,89.510002,0.0,79.150002,568.539978,,,,259.140015,4.39
2026-09-14 04:30:00,2026-09-14 06:30:00,DK2,103.330002,212.399994,147.389999,88.309998,2.66,38.200001,577.380005,,,,243.630005,21.690001
2026-09-14 04:25:00,2026-09-14 06:25:00,DK2,103.690002,206.830002,158.820007,81.800003,0.64,0.0,524.599976,,,,319.850006,21.32
2026-09-14 04:20:00,2026-09-14 06:20:00,DK2,105.209999,204.850006,159.470001,75.080002,4.19,0.0,530.97998,,,,307.799988,20.84
2026-09-14 04:15:00,2026-09-14 06:15:00,DK2,105.610001,208.490005,170.539993,83.209999,3.93,32.060001,457.640015,,,,242.910004,11.26
2026-09-14 04:10:00,2026-09-14 06:10:00,DK2,104.599998,206.679993,187.479996,87.919998,0.17,60.57,421.079987,,,,266.5,19.98
2026-09-14 04:05:00,2026-09-14 06:05:00,DK2,104.290001,210.539993,186.699997,85.129997,0.0,60.57,453.140015,,,,222.130005,20.43
2026-09-14 04:00:00,2026-09-14 06:00:00,DK2,103.309998,210.539993,183.389999,87.0,3.41,67.580002,308.929993,,,,305.119995,18.65
2026-09-14 03:55:00,2026-09-14 05:55:00,DK2,103.440002,210.539993,177.320007,91.959999,0.6,75.620003,203.770004,,,,377.570007,7.37
2026-09-14 03:50:00,2026-09-14 05:50:00,DK2,104.660004,210.570007,165.539993,102.849998,0.6,75.800003,210.800003,,,,389.730011,18.24
2026-09-14 03:45:00,2026-09-14 05:45:00,DK2,106.279999,213.0,168.990005,102.629997,0.72,155.229996,94.470001,,,,398.75,18.41
2026-09-14 03:40:00,2026-09-14 05:40:00,DK2,103.900002,209.289993,187.669998,103.559998,0.07,245.940002,1.97,,,,399.279999,17.83
2026-09-14 03:35:00,2026-09-14 05:35:00,DK2,101.160004,201.770004,190.960007,110.529999,0.0,231.529999,1.85,,,,400.799988,17.690001
2026-09-14 03:30:00,2026-09-14 05:30:00,DK2,99.309998,212.880005,188.929993,103.620003,0.0,263.130005,24.15,,,,346.369995,17.01
2026-09-14 03:25:00,2026-09-14 05:25:00,DK2,99.449997,203.839996,185.570007,104.129997,2.31,247.259995,61.639999,,,,321.290009,16.9
2026-09-14 03:20:00,2026-09-14 05:20:00,DK2,99.400002,202.110001,186.460007,105.839996,0.0,246.820007,41.099998,,,,323.299988,17.08
2026-09-14 03:15:00,2026-09-14 05:15:00,DK2,100.370003,209.369995,182.210007,104.970001,0.0,246.720001,64.910004,,,,302.130005,17.59
2026-09-14 03:10:00,2026-09-14 05:10:00,DK2,100.889999,207.429993,183.440002,106.220001,0.16,263.149994,17.190001,,,,343.230011,33.73
2026-09-14 03:05:00,2026-09-14 05:05:00,DK2,100.709999,205.630005,192.419998,100.540001,0.09,276.829987,17.74,,,,317.570007,33.110001
2026-09-14 03:00:00,2026-09-14 05:00:00,DK2,99.239998,211.070007,199.600006,103.300003,0.0,94.690002,126.459999,,,,362.869995,16.67
2026-09-14 02:55:00,2026-09-14 04:55:00,DK2,99.160004,212.899994,196.830002,99.919998,0.0,0.0,191.889999,,,,416.309998,33.110001
2026-09-14 02:50:00,2026-09-14 04:50:00,DK2,97.860001,212.899994,194.119995,100.910004,0.43,0.0,179.970001,,,,405.329987,19.190001
2026-09-14 02:45:00,2026-09-14 04:45:00,DK2,98.459999,211.100006,201.449997,111.059998,0.16,21.9,98.959999,,,,414.980011,16.32
2026-09-14 02:40:00,2026-09-14 04:40:00,DK2,97.559998,204.929993,196.630005,113.849998,0.0,42.139999,87.669998,,,,436.200012,32.459999
2026-09-14 02:35:00,2026-09-14 04:35:00,DK2,98.669998,201.309998,189.929993,116.199997,0.0,42.139999,97.68,,,,426.420013,32.389999
2026-09-14 02:30:00,2026-09-14 04:30:00,DK2,98.629997,206.639999,197.949997,116.889999,0.0,65.540001,90.019997,,,,404.920013,15.54
2026-09-14 02:25:00,2026-09-14 04:25:00,DK2,98.779999,201.190002,191.270004,122.080002,0.0,90.059998,85.940002,,,,390.140015,15.06
2026-09-14 02:20:00,2026-09-14 04:20:00,DK2,99.519997,201.190002,190.860001,118.07,0.0,90.059998,107.440002,,,,389.779999,15.06
2026-09-14 02:15:00,2026-09-14 04:15:00,DK2,98.489998,202.979996,192.649994,120.639999,0.0,81.879997,160.369995,,,,346.630005,14.99
2026-09-14 02:10:00,2026-09-14 04:10:00,DK2,97.379997,213.779999,196.229996,127.709999,0.0,77.110001,194.669998,,,,338.01001,31.4
2026-09-14 02:05:00,2026-09-14 04:05:00,DK2,96.93,208.449997,193.070007,113.099998,0.0,76.589996,210.509995,,,,344.829987,31.469999
2026-09-14 02:00:00,2026-09-14 04:00:00,DK2,96.830002,205.800003,196.830002,120.800003,0.0,58.259998,124.330002,,,,376.859985,14.34
2026-09-14 01:55:00,2026-09-14 03:55:00,DK2,98.660004,202.080002,194.139999,116.639999,0.0,43.02,111.199997,,,,414.690002,14.34
2026-09-14 01:50:00,2026-09-14 03:50:00,DK2,100.010002,211.259995,186.509995,123.440002,0.0,45.779999,101.879997,,,,408.570007,14.14
2026-09-14 01:45:00,2026-09-14 03:45:00,DK2,99.470001,211.259995,180.929993,130.440002,0.3,54.41,62.619999,,,,404.480011,14.41
2026-09-14 01:40:00,2026-09-14 03:40:00,DK2,98.239998,211.350006,169.009995,129.5,1.11,63.540001,74.389999,,,,401.660004,14.51
2026-09-14 01:35:00,2026-09-14 03:35:00,DK2,99.129997,204.039993,172.889999,128.720001,0.76,63.290001,62.650002,,,,426.390015,14.38
2026-09-14 01:30:00,2026-09-14 03:30:00,DK2,98.389999,211.179993,178.759995,137.759995,0.77,38.360001,129.759995,,,,401.529999,14.2
2026-09-14 01:25:00,2026-09-14 03:25:00,DK2,98.709999,209.380005,186.380005,129.190002,0.82,16.360001,165.710007,,,,418.76001,30.379999
2026-09-14 01:20:00,2026-09-14 03:20:00,DK2,98.739998,209.940002,197.220001,125.269997,0.0,16.360001,160.110001,,,,416.630005,30.440001
2026-09-14 01:15:00,2026-09-14 03:15:00,DK2,99.720001,209.940002,190.0,128.110001,0.53,17.49,173.570007,,,,400.519989,13.93
2026-09-14 01:10:00,2026-09-14 03:10:00,DK2,99.459999,209.940002,183.259995,130.070007,0.0,0.0,179.029999,,,,413.119995,13.9
2026-09-14 01:05:00,2026-09-14 03:05:00,DK2,98.550003,211.660004,184.539993,127.269997,0.34,0.0,168.75,,,,422.100006,14.07
2026-09-14 01:00:00,2026-09-14 03:00:00,DK2,98.459999,211.660004,188.779999,123.300003,0.0,28.68,133.690002,,,,402.850006,14.0
2026-09-14 00:55:00,2026-09-14 02:55:00,DK2,98.480003,213.619995,189.449997,115.010002,0.37,42.369999,89.940002,,,,431.98999,-2.28
2026-09-14 00:50:00,2026-09-14 02:50:00,DK2,97.889999,209.990005,197.649994,123.349998,0.48,40.209999,75.230003,,,,441.769989,-2.21
2026-09-14 00:45:00,2026-09-14 02:45:00,DK2,97.910004,202.270004,200.460007,117.449997,0.0,19.950001,117.699997,,,,437.720001,13.86
2026-09-14 00:40:00,2026-09-14 02:40:00,DK2,96.43,202.270004,201.410004,123.910004,0.0,0.0,120.739998,,,,445.869995,-3.06
2026-09-14 00:35:00,2026-09-14 02:35:00,DK2,96.019997,202.270004,219.149994,118.610001,0.09,0.0,129.429993,,,,438.220001,-3.03
2026-09-14 00:30:00,2026-09-14 02:30:00,DK2,97.230003,211.520004,225.910004,116.349998,0.0,-16.67,187.119995,,,,427.040009,13.93
2026-09-14 00:25:00,2026-09-14 02:25:00,DK2,97.980003,209.669998,223.179993,115.690002,0.0,-27.120001,190.100006,,,,413.019989,14.1
2026-09-14 00:20:00,2026-09-14 02:20:00,DK2,98.449997,207.850006,230.059998,114.849998,0.0,-27.049999,167.699997,,,,437.540009,14.51
2026-09-14 00:15:00,2026-09-14 02:15:00,DK2,97.150002,209.630005,241.399994,117.82,0.0,-23.200001,195.110001,,,,420.230011,14.34
2026-09-14 00:10:00,2026-09-14 02:10:00,DK2,96.449997,211.399994,253.699997,114.260002,0.0,-18.639999,174.190002,,,,391.959991,-2.34
2026-09-14 00:05:00,2026-09-14 02:05:00,DK2,97.550003,209.610001,265.220001,109.370003,0.16,-18.639999,126.050003,,,,435.109985,-2.31
2026-09-14 00:00:00,2026-09-14 02:00:00,DK2,98.370003,206.029999,272.940002,111.800003,0.0,-41.349998,151.710007,,,,452.070007,14.07
2026-09-13 23:55:00,2026-09-14 01:55:00,DK2,98.300003,202.399994,282.829987,120.970001,0.0,-65.800003,146.279999,,,,450.76001,-2.31
2026-09-13 23:50:00,2026-09-14 01:50:00,DK2,98.010002,206.259995,302.5,115.5,0.0,-64.160004,125.230003,,,,443.910004,-2.17
2026-09-13 23:45:00,2026-09-14 01:45:00,DK2,97.519997,198.889999,307.470001,116.010002,0.0,-30.17,120.019997,,,,464.109985,14.34
2026-09-13 23:40:00,2026-09-14 01:40:00,DK2,96.660004,202.539993,311.160004,120.25,0.0,-16.139999,98.529999,,,,436.609985,14.14
2026-09-13 23:35:00,2026-09-14 01:35:00,DK2,99.040001,207.889999,317.920013,120.07,0.0,-16.49,96.400002,,,,431.869995,14.17
2026-09-13 23:30:00,2026-09-14 01:30:00,DK2,100.339996,215.220001,317.51001,119.379997,0.0,-76.239998,201.809998,,,,412.190002,14.61
2026-09-13 23:25:00,2026-09-14 01:25:00,DK2,98.389999,209.910004,319.730011,124.620003,0.0,-135.679993,222.809998,,,,467.179993,31.129999
2026-09-13 23:20:00,2026-09-14 01:20:00,DK2,96.150002,207.940002,316.359985,119.360001,0.0,-135.729996,240.389999,,,,459.100006,31.4
2026-09-13 23:15:00,2026-09-14 01:15:00,DK2,98.0,207.940002,314.859985,118.040001,0.0,-106.089996,240.919998,,,,426.779999,14.79
2026-09-13 23:10:00,2026-09-14 01:10:00,DK2,101.400002,211.479996,314.059998,115.550003,0.0,-86.660004,232.380005,,,,427.429993,31.26
2026-09-13 23:05:00,2026-09-14 01:05:00,DK2,101.860001,209.710007,331.470001,118.129997,0.0,-87.720001,208.229996,,,,434.119995,14.51
2026-09-13 23:00:00,2026-09-14 01:00:00,DK2,99.169998,198.949997,329.709991,122.57,0.24,-42.950001,102.620003,,,,470.970001,13.83
2026-09-13 22:55:00,2026-09-14 00:55:00,DK2,98.019997,198.949997,325.25,126.160004,0.0,0.0,97.379997,,,,429.119995,-2.45
2026-09-13 22:50:00,2026-09-14 00:50:00,DK2,101.790001,200.699997,321.929993,119.050003,0.0,0.0,95.720001,,,,440.040009,-2.69
2026-09-13 22:45:00,2026-09-14 00:45:00,DK2,101.459999,206.179993,314.679993,119.540001,0.0,0.0,146.339996,,,,404.670013,14.51
2026-09-13 22:40:00,2026-09-14 00:40:00,DK2,106.510002,213.669998,308.049988,114.459999,0.0,0.0,213.970001,,,,363.230011,31.57
2026-09-13 22:35:00,2026-09-14 00:35:00,DK2,108.739998,202.839996,300.559998,115.339996,0.0,0.0,180.660004,,,,400.160004,21.66
2026-09-13 22:30:00,2026-09-14 00:30:00,DK2,111.739998,202.860001,286.609985,121.800003,0.0,0.0,272.700012,,,,324.410004,15.09
2026-09-13 22:25:00,2026-09-14 00:25:00,DK2,114.139999,210.160004,260.089996,120.410004,0.0,0.0,364.01001,,,,266.829987,31.440001
2026-09-13 22:20:00,2026-09-14 00:20:00,DK2,115.18,204.869995,237.990005,116.410004,0.0,0.0,347.630005,,,,295.470001,19.540001
2026-09-13 22:15:00,2026-09-14 00:15:00,DK2,120.300003,201.369995,226.330002,121.75,0.0,42.77,304.089996,,,,317.609985,15.13
2026-09-13 22:10:00,2026-09-14 00:10:00,DK2,123.75,206.869995,218.970001,126.360001,0.0,81.230003,229.919998,,,,361.769989,15.06
2026-09-13 22:05:00,2026-09-14 00:05:00,DK2,126.080002,208.729996,217.330002,128.110001,0.0,82.489998,252.339996,,,,323.549988,14.1
2026-09-13 22:00:00,2026-09-14 00:00:00,DK2,127.25,199.800003,221.600006,123.510002,0.0,117.370003,107.209999,,,,386.529999,28.91
2026-09-13 21:55:00,2026-09-13 23:55:00,DK2,126.169998,202.089996,223.369995,125.32,0.0,178.25,76.529999,,,,376.769989,29.280001
2026-09-13 21:50:00,2026-09-13 23:50:00,DK2,125.959999,202.089996,204.179993,124.550003,0.0,180.619995,73.459999,,,,394.019989,29.15
2026-09-13 21:45:00,2026-09-13 23:45:00,DK2,127.510002,202.089996,194.479996,124.82,0.0,183.020004,89.230003,,,,368.769989,29.42
2026-09-13 21:40:00,2026-09-13 23:40:00,DK2,126.029999,202.089996,175.389999,123.75,0.0,191.039993,91.089996,,,,378.130005,16.969999
2026-09-13 21:35:00,2026-09-13 23:35:00,DK2,122.190002,202.080002,136.330002,122.440002,0.33,180.539993,102.400002,,,,394.570007,-0.16
2026-09-13 21:30:00,2026-09-13 23:30:00,DK2,120.480003,200.25,112.879997,111.419998,0.0,177.940002,190.910004,,,,370.109985,15.13
2026-09-13 21:25:00,2026-09-13 23:25:00,DK2,120.779999,208.419998,87.43,105.199997,0.0,175.559998,267.589996,,,,345.670013,15.43
2026-09-13 21:20:00,2026-09-13 23:20:00,DK2,118.529999,204.729996,83.059998,106.199997,0.39,178.460007,260.359985,,,,358.179993,15.09
2026-09-13 21:15:00,2026-09-13 23:15:00,DK2,118.230003,210.970001,83.339996,99.589996,0.0,182.309998,269.5,,,,349.200012,14.72
2026-09-13 21:10:00,2026-09-13 23:10:00,DK2,118.529999,207.350006,90.139999,91.209999,0.0,181.570007,272.170013,,,,340.799988,1.28
2026-09-13 21:05:00,2026-09-13 23:05:00,DK2,118.980003,203.770004,98.800003,86.019997,0.0,170.360001,287.440002,,,,351.850006,1.42
2026-09-13 21:00:00,2026-09-13 23:00:00,DK2,123.610001,200.119995,95.209999,88.150002,0.0,182.580002,262.390015,,,,375.829987,15.95
2026-09-13 20:55:00,2026-09-13 22:55:00,DK2,123.900002,211.050003,89.809998,83.220001,0.0,191.229996,251.279999,,,,407.920013,16.049999
2026-09-13 20:50:00,2026-09-13 22:50:00,DK2,126.870003,207.529999,88.669998,76.82,0.0,189.5,263.649994,,,,378.480011,16.49
2026-09-13 20:45:00,2026-09-13 22:45:00,DK2,130.559998,207.529999,94.029999,75.580002,0.0,172.429993,270.839996,,,,393.220001,16.559999
2026-09-13 20:40:00,2026-09-13 22:40:00,DK2,132.279999,213.0,105.169998,79.760002,0.0,171.789993,258.809998,,,,427.589996,16.9
2026-09-13 20:35:00,2026-09-13 22:35:00,DK2,132.639999,209.119995,115.720001,79.949997,0.0,167.020004,254.630005,,,,419.609985,17.309999
2026-09-13 20:30:00,2026-09-13 22:30:00,DK2,139.169998,206.800003,132.089996,83.720001,0.0,135.740005,268.549988,,,,422.519989,17.860001
2026-09-13 20:25:00,2026-09-13 22:25:00,DK2,140.550003,208.649994,150.059998,85.800003,0.0,109.510002,290.519989,,,,414.230011,18.27
2026-09-13 20:20:00,2026-09-13 22:20:00,DK2,135.589996,210.589996,159.940002,82.919998,0.0,109.550003,292.98999,,,,413.859985,18.41
2026-09-13 20:15:00,2026-09-13 22:15:00,DK2,125.160004,212.490005,163.850006,83.769997,0.47,116.660004,303.51001,,,,432.359985,18.27
2026-09-13 20:10:00,2026-09-13 22:10:00,DK2,115.050003,216.029999,165.960007,87.660004,0.5,108.339996,303.450012,,,,441.480011,18.41
2026-09-13 20:05:00,2026-09-13 22:05:00,DK2,112.230003,208.600006,164.660004,96.800003,0.0,110.040001,307.149994,,,,448.140015,18.370001
2026-09-13 20:00:00,2026-09-13 22:00:00,DK2,112.559998,203.139999,161.490005,103.010002,0.0,78.519997,379.299988,,,,440.450012,18.719999
2026-09-13 19:55:00,2026-09-13 21:55:00,DK2,111.540001,199.220001,174.75,110.07,0.0,49.139999,381.640015,,,,439.029999,18.959999
2026-09-13 19:50:00,2026-09-13 21:50:00,DK2,112.190002,199.220001,183.919998,106.489998,0.0,51.610001,384.170013,,,,452.059998,18.959999
2026-09-13 19:45:00,2026-09-13 21:45:00,DK2,109.830002,199.220001,191.979996,116.139999,0.0,55.939999,408.059998,,,,426.850006,18.959999
2026-09-13 19:40:00,2026-09-13 21:40:00,DK2,107.279999,207.25,184.910004,111.5,0.0,60.419998,471.730011,,,,381.76001,19.190001
2026-09-13 19:35:00,2026-09-13 21:35:00,DK2,106.809998,203.639999,160.75,116.059998,0.0,61.400002,458.179993,,,,441.940002,18.85
2026-09-13 19:30:00,2026-09-13 21:30:00,DK2,101.540001,209.240005,138.850006,121.730003,0.31,86.650002,508.869995,,,,391.309998,19.16
2026-09-13 19:25:00,2026-09-13 21:25:00,DK2,102.760002,211.0,135.619995,119.559998,0.0,107.410004,529.179993,,,,341.920013,19.059999
2026-09-13 19:20:00,2026-09-13 21:20:00,DK2,104.879997,207.419998,129.089996,130.240005,0.21,108.949997,545.969971,,,,331.700012,19.299999
2026-09-13 19:15:00,2026-09-13 21:15:00,DK2,105.559998,211.139999,114.790001,136.639999,0.0,85.269997,645.210022,,,,274.700012,19.57
2026-09-13 19:10:00,2026-09-13 21:10:00,DK2,107.510002,207.399994,104.82,134.020004,0.0,61.130001,727.159973,,,,246.220001,19.98
2026-09-13 19:05:00,2026-09-13 21:05:00,DK2,107.650002,211.009995,97.650002,127.769997,0.0,62.02,724.679993,,,,241.789993,29.73
2026-09-13 19:00:00,2026-09-13 21:00:00,DK2,107.629997,209.220001,94.349998,125.669998,0.0,91.68,638.23999,,,,335.429993,20.360001
2026-09-13 18:55:00,2026-09-13 20:55:00,DK2,107.699997,209.220001,91.07,112.809998,0.0,112.07,576.799988,,,,408.579987,34.82
2026-09-13 18:50:00,2026-09-13 20:50:00,DK2,109.279999,207.389999,92.730003,111.589996,0.0,105.730003,590.359985,,,,409.059998,34.82
2026-09-13 18:45:00,2026-09-13 20:45:00,DK2,108.0,201.929993,89.290001,101.160004,0.0,101.029999,588.630005,,,,391.98999,19.98
2026-09-13 18:40:00,2026-09-13 20:40:00,DK2,106.730003,207.369995,79.5,91.669998,0.0,115.18,608.719971,,,,409.190002,20.16
2026-09-13 18:35:00,2026-09-13 20:35:00,DK2,107.260002,207.410004,67.029999,83.970001,0.0,121.290001,603.140015,,,,396.380005,20.43
2026-09-13 18:30:00,2026-09-13 20:30:00,DK2,117.589996,209.179993,54.540001,68.760002,0.0,135.179993,608.390015,,,,405.25,21.9
2026-09-13 18:25:00,2026-09-13 20:25:00,DK2,122.839996,205.550003,43.259998,63.66,0.0,125.07,616.559998,,,,467.980011,36.360001
2026-09-13 18:20:00,2026-09-13 20:20:00,DK2,121.660004,213.220001,33.23,58.23,0.0,139.559998,662.820007,,,,408.910004,36.360001
2026-09-13 18:15:00,2026-09-13 20:15:00,DK2,120.080002,209.649994,25.440001,59.799999,2.06,132.699997,688.900024,,,,401.130005,21.76
2026-09-13 18:10:00,2026-09-13 20:10:00,DK2,120.040001,211.449997,18.08,57.380001,0.96,151.419998,699.27002,,,,384.0,22.040001
2026-09-13 18:05:00,2026-09-13 20:05:00,DK2,118.440002,207.889999,12.12,51.439999,2.13,164.039993,716.590027,,,,356.440002,22.450001
2026-09-13 18:00:00,2026-09-13 20:00:00,DK2,108.550003,207.889999,4.77,47.639999,2.38,157.570007,763.039978,,,,366.299988,22.34
2026-09-13 17:55:00,2026-09-13 19:55:00,DK2,107.720001,209.610001,3.71,44.650002,1.95,153.800003,809.25,,,,347.519989,22.58
2026-09-13 17:50:00,2026-09-13 19:50:00,DK2,109.57,211.559998,0.53,41.549999,2.98,146.149994,819.559998,,,,337.369995,22.41
2026-09-13 17:45:00,2026-09-13 19:45:00,DK2,116.949997,213.830002,0.23,36.220001,0.0,112.040001,847.719971,,,,331.339996,22.309999
2026-09-13 17:40:00,2026-09-13 19:40:00,DK2,117.760002,213.830002,0.15,38.810001,0.0,105.269997,900.0,,,,295.519989,22.280001
2026-09-13 17:35:00,2026-09-13 19:35:00,DK2,116.540001,211.839996,0.15,36.959999,1.09,105.269997,907.330017,,,,294.25,22.48
2026-09-13 17:30:00,2026-09-13 19:30:00,DK2,108.599998,211.839996,0.21,37.509998,1.22,112.709999,902.190002,,,,330.470001,22.65
2026-09-13 17:25:00,2026-09-13 19:25:00,DK2,106.879997,211.839996,0.1,33.990002,2.27,116.0,892.01001,,,,345.25,22.690001
2026-09-13 17:20:00,2026-09-13 19:20:00,DK2,106.599998,211.839996,0.08,30.93,4.1,115.239998,894.23999,,,,333.910004,22.450001
2026-09-13 17:15:00,2026-09-13 19:15:00,DK2,106.279999,211.839996,0.01,32.41,7.96,120.489998,898.059998,,,,330.23999,22.99
2026-09-13 17:10:00,2026-09-13 19:10:00,DK2,106.660004,211.839996,0.01,26.01,11.8,95.120003,898.780029,,,,368.459991,27.74
2026-09-13 17:05:00,2026-09-13 19:05:00,DK2,106.720001,211.839996,0.16,27.24,14.85,94.720001,896.359985,,,,351.920013,28.15
2026-09-13 17:00:00,2026-09-13 19:00:00,DK2,114.800003,210.039993,0.1,27.73,20.6,82.5,876.27002,,,,392.350006,22.82
2026-09-13 16:55:00,2026-09-13 18:55:00,DK2,116.870003,210.440002,0.34,29.73,30.209999,69.339996,843.390015,,,,461.059998,23.440001
2026-09-13 16:50:00,2026-09-13 18:50:00,DK2,116.959999,212.309998,1.19,25.889999,34.939999,69.68,862.299988,,,,419.769989,23.27
2026-09-13 16:45:00,2026-09-13 18:45:00,DK2,115.779999,208.360001,2.22,25.23,39.040001,96.940002,832.909973,,,,410.440002,23.23
2026-09-13 16:40:00,2026-09-13 18:40:00,DK2,115.910004,199.119995,0.64,26.469999,40.84,148.479996,794.070007,,,,384.779999,23.23
2026-09-13 16:35:00,2026-09-13 18:35:00,DK2,110.25,210.110001,0.49,25.129999,45.860001,158.020004,833.140015,,,,371.190002,26.0
2026-09-13 16:30:00,2026-09-13 18:30:00,DK2,106.93,212.020004,0.28,25.4,57.84,109.43,896.599976,,,,351.070007,23.4
2026-09-13 16:25:00,2026-09-13 18:25:00,DK2,106.199997,206.559998,0.5,27.690001,70.629997,101.730003,901.98999,,,,370.630005,37.040001
2026-09-13 16:20:00,2026-09-13 18:20:00,DK2,106.32,199.5,0.33,26.16,86.110001,108.709999,904.820007,,,,372.679993,38.82
2026-09-13 16:15:00,2026-09-13 18:15:00,DK2,106.269997,199.369995,0.51,25.41,91.970001,121.519997,957.190002,,,,317.769989,21.040001
2026-09-13 16:10:00,2026-09-13 18:10:00,DK2,106.18,201.25,1.84,26.75,92.449997,185.550003,974.710022,,,,225.429993,21.040001
2026-09-13 16:05:00,2026-09-13 18:05:00,DK2,105.269997,206.970001,3.34,28.940001,92.190002,203.990005,971.179993,,,,197.899994,21.040001
2026-09-13 16:00:00,2026-09-13 18:00:00,DK2,113.110001,212.410004,4.88,29.93,104.32,210.699997,923.169983,,,,213.0,20.700001
2026-09-13 15:55:00,2026-09-13 17:55:00,DK2,117.07,210.559998,5.19,31.049999,110.660004,224.449997,895.26001,,,,211.100006,5.18
2026-09-13 15:50:00,2026-09-13 17:50:00,DK2,115.199997,210.610001,6.06,32.150002,112.82,225.690002,894.0,,,,198.190002,5.15
2026-09-13 15:45:00,2026-09-13 17:45:00,DK2,107.18,214.300003,7.42,31.35,133.610001,101.860001,887.48999,,,,302.910004,13.01
2026-09-13 15:40:00,2026-09-13 17:40:00,DK2,105.57,212.460007,8.85,33.950001,200.720001,73.370003,892.359985,,,,343.049988,40.700001
2026-09-13 15:35:00,2026-09-13 17:35:00,DK2,105.309998,213.169998,9.25,34.240002,187.869995,75.82,901.409973,,,,327.600006,40.57
2026-09-13 15:30:00,2026-09-13 17:30:00,DK2,114.360001,207.729996,9.5,34.450001,185.830002,91.419998,898.73999,,,,279.829987,21.110001
2026-09-13 15:25:00,2026-09-13 17:25:00,DK2,118.519997,209.419998,10.51,35.869999,196.639999,124.199997,926.390015,,,,211.449997,39.98
2026-09-13 15:20:00,2026-09-13 17:20:00,DK2,116.75,211.520004,8.71,33.98,240.320007,113.209999,949.25,,,,190.809998,39.98
2026-09-13 15:15:00,2026-09-13 17:15:00,DK2,106.57,211.470001,9.49,34.439999,282.079987,324.970001,911.900024,,,,-33.869999,16.08
2026-09-13 15:10:00,2026-09-13 17:10:00,DK2,109.949997,207.800003,12.53,30.940001,290.0,415.01001,880.77002,,,,-135.050003,10.96
2026-09-13 15:05:00,2026-09-13 17:05:00,DK2,104.879997,209.419998,12.91,32.330002,277.929993,435.179993,863.130005,,,,-149.440002,10.82
2026-09-13 15:00:00,2026-09-13 17:00:00,DK2,113.160004,209.419998,15.51,32.77,249.960007,398.170013,794.280029,,,,22.42,10.92
2026-09-13 14:55:00,2026-09-13 16:55:00,DK2,105.940002,212.979996,19.16,31.24,346.329987,298.380005,745.059998,,,,155.369995,30.51
2026-09-13 14:50:00,2026-09-13 16:50:00,DK2,107.510002,209.5,25.870001,34.220001,275.01001,302.119995,729.650024,,,,169.850006,40.119999
2026-09-13 14:45:00,2026-09-13 16:45:00,DK2,113.589996,202.110001,29.92,36.630001,312.299988,194.360001,617.969971,,,,281.959991,20.33
2026-09-13 14:40:00,2026-09-13 16:40:00,DK2,114.220001,200.360001,34.18,34.439999,334.290009,234.389999,542.469971,,,,332.369995,20.190001
2026-09-13 14:35:00,2026-09-13 16:35:00,DK2,113.860001,200.360001,42.16,38.25,327.329987,233.059998,543.809998,,,,303.5,19.4
2026-09-13 14:30:00,2026-09-13 16:30:00,DK2,112.699997,202.199997,43.669998,37.799999,288.890015,304.130005,483.040009,,,,282.980011,19.469999
2026-09-13 14:25:00,2026-09-13 16:25:00,DK2,112.330002,200.309998,39.619999,40.349998,277.700012,318.899994,483.5,,,,261.720001,18.780001
2026-09-13 14:20:00,2026-09-13 16:20:00,DK2,111.389999,202.179993,38.189999,42.990002,265.329987,330.700012,505.98999,,,,243.169998,18.309999
2026-09-13 14:15:00,2026-09-13 16:15:00,DK2,106.050003,213.75,38.75,47.369999,235.630005,284.98999,728.659973,,,,86.879997,3.85
2026-09-13 14:10:00,2026-09-13 16:10:00,DK2,111.019997,194.509995,37.549999,42.900002,278.709991,81.870003,819.539978,,,,232.490005,18.07
2026-09-13 14:05:00,2026-09-13 16:05:00,DK2,110.139999,190.740005,42.610001,44.389999,292.100006,90.830002,805.97998,,,,254.199997,17.9
2026-09-13 14:00:00,2026-09-13 16:00:00,DK2,101.540001,189.399994,45.59,43.669998,331.359985,234.449997,762.710022,,,,110.650002,17.52
2026-09-13 13:55:00,2026-09-13 15:55:00,DK2,101.239998,194.949997,51.259998,39.84,398.48999,225.449997,736.380005,,,,133.080002,17.59
2026-09-13 13:50:00,2026-09-13 15:50:00,DK2,101.620003,189.470001,60.990002,43.080002,428.570007,236.039993,734.929993,,,,106.699997,16.77
2026-09-13 13:45:00,2026-09-13 15:45:00,DK2,110.779999,192.960007,71.349998,41.169998,340.790009,93.519997,724.02002,,,,147.300003,1.45
2026-09-13 13:40:00,2026-09-13 15:40:00,DK2,111.019997,176.860001,81.43,43.439999,289.5,0.0,715.97998,,,,281.98999,1.22
2026-09-13 13:35:00,2026-09-13 15:35:00,DK2,110.160004,173.259995,84.709999,42.939999,308.829987,0.0,714.73999,,,,235.850006,0.36
2026-09-13 13:30:00,2026-09-13 15:30:00,DK2,109.57,182.5,97.900002,42.310001,316.809998,0.0,711.570007,,,,201.660004,0.4
2026-09-13 13:25:00,2026-09-13 15:25:00,DK2,102.139999,180.699997,104.57,41.73,374.25,0.0,712.75,,,,230.149994,19.4
2026-09-13 13:20:00,2026-09-13 15:20:00,DK2,102.470001,175.169998,101.800003,40.34,389.279999,0.0,711.200012,,,,230.869995,19.299999
2026-09-13 13:15:00,2026-09-13 15:15:00,DK2,101.269997,186.220001,99.989998,44.189999,434.720001,-32.099998,703.859985,,,,163.770004,-1.32
2026-09-13 13:10:00,2026-09-13 15:10:00,DK2,110.089996,188.5,98.400002,44.560001,438.369995,-61.869999,700.75,,,,153.070007,-1.52
2026-09-13 13:05:00,2026-09-13 15:05:00,DK2,108.790001,180.710007,94.290001,45.66,374.429993,-58.75,687.710022,,,,254.110001,-1.35
2026-09-13 13:00:00,2026-09-13 15:00:00,DK2,100.080002,153.559998,96.849998,45.650002,359.570007,140.949997,637.169983,,,,230.979996,11.23
2026-09-13 12:55:00,2026-09-13 14:55:00,DK2,96.419998,145.610001,99.160004,43.779999,368.399994,272.149994,539.390015,,,,180.289993,9.97
2026-09-13 12:50:00,2026-09-13 14:50:00,DK2,94.400002,143.860001,102.849998,42.110001,367.679993,273.029999,528.219971,,,,182.970001,13.04
2026-09-13 12:45:00,2026-09-13 14:45:00,DK2,96.580002,153.210007,98.209999,44.57,389.75,221.800003,559.539978,,,,188.740005,12.32
2026-09-13 12:40:00,2026-09-13 14:40:00,DK2,99.120003,164.259995,85.059998,43.990002,423.350006,199.419998,585.109985,,,,140.020004,10.34
2026-09-13 12:35:00,2026-09-13 14:35:00,DK2,100.0,171.009995,82.029999,44.259998,411.929993,191.100006,589.369995,,,,154.139999,9.25
2026-09-13 12:30:00,2026-09-13 14:30:00,DK2,98.0,163.449997,76.510002,45.439999,361.76001,173.5,610.669983,,,,151.699997,11.54
2026-09-13 12:25:00,2026-09-13 14:25:00,DK2,96.690002,143.070007,73.040001,45.349998,390.51001,64.889999,620.369995,,,,269.880005,26.450001
2026-09-13 12:20:00,2026-09-13 14:20:00,DK2,96.599998,139.440002,63.150002,43.970001,424.049988,67.360001,614.200012,,,,227.100006,24.09
2026-09-13 12:15:00,2026-09-13 14:15:00,DK2,97.019997,135.139999,54.669998,48.66,396.709991,72.0,606.75,,,,194.809998,-0.74
2026-09-13 12:10:00,2026-09-13 14:10:00,DK2,98.849998,123.779999,52.029999,49.709999,435.209991,79.400002,600.75,,,,151.190002,-1.9
2026-09-13 12:05:00,2026-09-13 14:05:00,DK2,98.629997,112.269997,55.540001,53.939999,473.440002,78.389999,599.859985,,,,146.619995,-5.15
2026-09-13 12:00:00,2026-09-13 14:00:00,DK2,98.980003,104.410004,55.23,61.630001,401.279999,38.830002,600.030029,,,,297.410004,11.23
2026-09-13 11:55:00,2026-09-13 13:55:00,DK2,99.93,103.129997,51.200001,68.290001,401.700012,0.0,598.77002,,,,291.600006,12.36
